experiment,run_id,run_name,status,start_time,end_time,metric.test_size,metric.train_size,metric.val_size,param.seed,param.synthetic_size,param.mode,param.manifest,param.demo_synthetic,param.max_tokens,param.dataset_kind,param.epochs,param.batch_size,param.device,param.lr,param.image_size,param.in_channels,param.vocab_size,metric.val_positive_rate,metric.test_positive_rate,metric.selected_threshold,metric.val_ap_micro,metric.val_f1_macro_threshold_search,metric.test_ap_micro,metric.train_loss,metric.test_auc_micro,metric.val_f1_macro,metric.test_f1_macro,metric.val_auc_micro,metric.val_best_threshold,metric.val_ap_macro,metric.test_ap_macro,metric.val_f1_micro,metric.val_auc_macro,metric.test_f1_micro,metric.test_auc_macro,param.threshold_quantile,param.subset_size,param.data_root,metric.anomaly_threshold,metric.val_error_mean,metric.train_reconstruction_mse,metric.test_anomaly_rate,param.loss,param.patience,param.pos_weight,param.scheduler,param.augment,param.no_pretrained,param.weight_decay,param.model,param.trainable_parameters,metric.lr
eda_chestmnist,ff09ddeb386441ff9c53066215a50577,eda,FINISHED,1781688562134,1781688562180,22433.0,78468.0,11219.0,,,,,,,,,,,,,,,,,,,,,,,,,,,,,,,,,,,,,,,,,,,,,,,,,
multimodal_openi_or_mimic,942b66a4d1ef4300b2f9133c2af6bcb7,fusion,FINISHED,1781689527536,1781689535428,,,,42,160,fusion,data/openi/manifest.csv,False,96,real_manifest,5,32,cpu,0.001,64,1,1293,0.05675146771037182,0.0444015444015444,0.05,0.13350096538366296,0.07378682931070671,0.19175369288297994,0.15408987147717182,0.6985946420729029,0.07378682931070671,0.06537549363179615,0.6868293031907282,0.05,0.12019744307206093,0.18537764143667315,0.16802168021680217,0.5589425105858635,0.15041782729805014,,,,,,,,,,,,,,,,,,
multimodal_openi_or_mimic,8168b62865a94790a6b45a4731404385,text,FINISHED,1781689512377,1781689517504,,,,42,160,text,data/openi/manifest.csv,False,96,real_manifest,5,32,cpu,0.001,64,1,1293,0.05675146771037182,0.0444015444015444,0.1,0.08138852846188621,0.14028266415025997,0.10175452478917563,0.2093021367564579,0.684628897672376,0.14028266415025997,0.1279717223789929,0.5981542423808842,0.1,0.13731813755096314,0.13123813898015688,0.14864864864864866,0.5219877921053369,0.14479638009049775,,,,,,,,,,,,,,,,,,
multimodal_openi_or_mimic,06d6e3ed913d405fad8f310770c06d9c,image,FINISHED,1781689492927,1781689501102,,,,42,160,image,data/openi/manifest.csv,False,96,real_manifest,5,32,cpu,0.001,64,1,1293,0.05675146771037182,0.0444015444015444,0.05,0.07962796383009281,0.04710464779778023,0.043752784136443665,0.1647810321574337,0.49167764602547204,0.04710464779778023,0.08147334773532765,0.6251073114894835,0.05,0.07465515465540604,0.09024562339093609,0.12138728323699421,0.461338130183728,0.08383233532934131,,,,,,,,,,,,,,,,,,
multimodal_openi_or_mimic,ac4b07ca6a9942d9bcb955e14624a085,fusion,FINISHED,1781688786476,1781688787425,,,,42,240,fusion,None,True,96,synthetic_smoke,2,32,cpu,0.001,64,1,22,0.2003968253968254,0.19047619047619047,0.1,0.25052484817896215,0.3472087661539432,0.18946257591594345,0.5017072657744089,0.5191482843137255,0.3472087661539432,0.32999930917212944,0.5477114708989509,0.1,0.31893982519462305,0.28240316765229634,0.34686346863468637,0.5805843469442905,0.3371212121212121,0.5615213964161311,,,,,,,,,,,,,,,,,
multimodal_openi_or_mimic,8fc747c8d0294a469b2ca4763e031d66,text,FINISHED,1781688772717,1781688772985,,,,42,240,text,None,True,96,synthetic_smoke,2,32,cpu,0.001,64,1,22,0.2003968253968254,0.19047619047619047,0.15,0.19232151349281842,0.331468221328356,0.18588347140009148,0.6357785520099458,0.4852941176470588,0.331468221328356,0.31493595216543807,0.494509004250301,0.15,0.2775823961663268,0.2697944119773437,0.3344370860927152,0.5381788777541002,0.32053422370617696,0.5391273310016345,,,,,,,,,,,,,,,,,
multimodal_openi_or_mimic,01e00cd5918949ebbc5a6fbb88178bc0,image,FINISHED,1781688757420,1781688758365,,,,42,240,image,None,True,96,synthetic_smoke,2,32,cpu,0.001,64,1,22,0.2003968253968254,0.19047619047619047,0.15,0.23714469797433618,0.33086417421268094,0.19503768613567407,0.4777794565473284,0.4886642156862745,0.33086417421268094,0.3192820680933747,0.535218534260374,0.05,0.2656852858460842,0.241043285351366,0.3338842975206612,0.49606474519639715,0.3248730964467005,0.4868321205905124,,,,,,,,,,,,,,,,,
multimodal_openi_or_mimic,3d643c3560ae4964b187d8a9de42a78f,fusion,FINISHED,1781688728924,1781688729770,,,,42,240,fusion,None,True,96,synthetic_smoke,2,32,cpu,0.001,64,1,22,0.2003968253968254,0.19047619047619047,,0.25052484817896215,,0.18946257591594345,0.5017072657744089,0.5191482843137255,0.0,0.0,0.5477114708989509,,0.31893982519462305,0.28240316765229634,0.0,0.5805843469442905,0.0,0.5615213964161311,,,,,,,,,,,,,,,,,
multimodal_openi_or_mimic,ec38ef80b3a54ac183cdcc4fd0db665c,text,FINISHED,1781688719598,1781688719809,,,,42,240,text,None,True,96,synthetic_smoke,2,32,cpu,0.001,64,1,22,0.2003968253968254,0.19047619047619047,,0.19232151349281842,,0.18588347140009148,0.6357785520099458,0.4852941176470588,0.12421150278293135,0.15342098377812663,0.494509004250301,,0.2775823961663268,0.2697944119773437,0.14857142857142858,0.5381788777541002,0.19767441860465115,0.5391273310016345,,,,,,,,,,,,,,,,,
multimodal_openi_or_mimic,ce8d7241c41c4c5088f2740aabf6e7c5,image,FINISHED,1781688708497,1781688709334,,,,42,240,image,None,True,96,synthetic_smoke,2,32,cpu,0.001,64,1,22,0.2003968253968254,0.19047619047619047,,0.23714469797433618,,0.19087895682323597,0.4777794565473284,0.4866217320261438,0.0,0.0,0.535218534260374,,0.2656852858460842,0.2444260240719546,0.0,0.49606474519639715,0.0,0.49350727198023586,,,,,,,,,,,,,,,,,
multimodal_openi_or_mimic,3426f9737c2b487398c249c0d89ad749,fusion,FINISHED,1781686380541,1781686380735,,,,42,80,fusion,None,True,96,,1,16,cpu,0.001,32,1,22,0.22023809523809523,0.20238095238095238,,0.24929356832728106,,0.3395344935962405,0.6798149687903268,0.5943810359964882,0.15079365079365076,0.1489795918367347,0.5128945739632762,,0.3377559609702467,0.44534786641929497,0.3076923076923077,,0.25925925925925924,,,,,,,,,,,,,,,,,,
multimodal_openi_or_mimic,794326a22ba14f17b812572a3de5c784,text,FINISHED,1781686365070,1781686365199,,,,42,80,text,None,True,96,,1,16,cpu,0.001,32,1,22,0.22023809523809523,0.20238095238095238,,0.20214987210646576,,0.2987517585923824,0.7256007194519043,0.5546532045654082,0.1422743922743923,0.16181318681318682,0.42748091603053434,,0.39819109461966606,0.33871521335807053,0.21359223300970873,,0.2857142857142857,,,,,,,,,,,,,,,,,,
multimodal_openi_or_mimic,477cb8467967443998203628a73de46d,image,FINISHED,1781686350289,1781686350445,,,,42,80,image,None,True,96,,1,16,cpu,0.001,32,1,22,0.22023809523809523,0.20238095238095238,,0.3023821961697779,,0.20996348751369506,0.6256357175963265,0.4885864793678666,0.0,0.0,0.6082112646998143,,0.3753130797773655,0.31199675324675324,0.0,,0.0,,,,,,,,,,,,,,,,,,
anomaly_chestmnist_ae,936c89d41e7a4831b6489672f7b86ebd,conv_ae,FINISHED,1781688680899,1781688696652,,,,42,,,,,,,3,64,cpu,0.001,64,1,,,,,,,,,,,,,,,,,,,,0.95,512,data,0.025946579407900565,0.016898713176487945,0.025187714025378227,0.06597423438684082,,,,,,,,,,
anomaly_chestmnist_ae,7b18647c7812486a9a04e8d0eeae26cc,conv_ae,FINISHED,1781686333678,1781686333893,,,,42,,,,,,,1,16,cpu,0.001,64,1,,,,,,,,,,,,,,,,,,,,0.95,64,data,0.3131783425807952,0.1616277740104124,0.19903862476348877,,,,,,,,,,,
supervised_chestmnist,b846399e87fb4f808e2b6711d50bf99a,vit,FINISHED,1781688666035,1781688670266,,,,42,,,,,,,2,32,cpu,0.001,64,1,,0.05285714285714286,0.05335714285714286,0.44999999999999996,0.06041221032784075,0.09862101145466819,0.05951005058906143,1.3588202090263366,0.5669783437176862,0.09862101145466819,0.10135270789311511,0.5687994272553096,0.44999999999999996,0.06838628948801541,0.06733541983414712,0.11142830831568284,0.543044005085111,0.11423340961098398,0.5579333348720116,,1000,data,,,,,BCEWithLogitsLoss,4,True,CosineAnnealingLR,True,False,0.0001,vit,237806,0.0005
supervised_chestmnist,7960d09571ce451c9ed3a121bfbf165d,resnet18,FINISHED,1781688623227,1781688654178,,,,42,,,,,,,2,16,cpu,0.001,64,3,,0.05510602678571429,0.05329241071428571,0.44999999999999996,0.055932886374864724,0.10540068773951126,0.04974076059196403,1.408262575045228,0.5138103857186724,0.10540068773951126,0.10328025912106299,0.5428624826423607,0.44999999999999996,0.08025642366250738,0.08092306871975759,0.11929107021131562,0.5572203627193338,0.11638005905853743,0.5437084785812928,,512,data,,,,,BCEWithLogitsLoss,4,True,CosineAnnealingLR,True,False,0.0001,resnet18,11183694,0.0005
supervised_chestmnist,34be0dbc36a84a9a8d81b9cc088d6112,cnn,FINISHED,1781688582905,1781688604055,,,,42,,,,,,,3,64,cpu,0.001,64,1,,0.052071428571428574,0.052071428571428574,0.49999999999999994,0.07039911766782266,0.10293863528980825,0.06730908340571153,1.2736659841537477,0.6081982263997769,0.10293863528980825,0.10266543304399177,0.6135758617007763,0.49999999999999994,0.0674127312364705,0.06406917178607215,0.1228291569016285,0.5832780013788506,0.12246368111417938,0.5708706804920267,,2000,data,,,,,BCEWithLogitsLoss,4,True,CosineAnnealingLR,True,False,0.0001,cnn,94926,0.0002500000000000001
supervised_chestmnist,b0c6de630bf24f7d9d1b2d2c34dbfce2,vit,FINISHED,1781686317479,1781686317722,,,,42,,,,,,,1,8,cpu,0.001,64,1,,0.05357142857142857,0.07142857142857142,,0.11414781678455144,,0.13700778064229988,0.6413977444171906,0.6754807692307692,0.023809523809523808,0.011904761904761904,0.613993710691824,,0.0779318895390324,0.09462353123067409,0.18181818181818182,,0.07692307692307693,,,16,data,,,,,,,,,,False,0.0001,vit,237806,
supervised_chestmnist,477bf3a051cb437faa004bb33e40d91e,resnet18,FINISHED,1781686303268,1781686303763,,,,42,,,,,,,1,4,cpu,0.001,64,3,,0.05357142857142857,0.05357142857142857,,0.060205827198914756,,0.3165360493206221,0.7891010642051697,0.5471698113207548,0.06349206349206349,0.044444444444444446,0.449685534591195,,0.07525510204081633,0.1636904761904762,0.09876543209876543,,0.08571428571428572,,,8,data,,,,,,,,,,False,0.0001,resnet18,11183694,
supervised_chestmnist,434f6707c3794323b8baa63fdf4bdb20,cnn,FINISHED,1781686271779,1781686272320,,,,42,,,,,,,1,16,cpu,0.001,64,1,,0.05357142857142857,0.05803571428571429,,0.09683772070492117,,0.07811567948863542,0.6757700145244598,0.49134159679183376,0.04517928383474601,0.0492536408502795,0.5062893081761006,,0.11973112671784915,0.0981110163025936,0.1004566210045662,,0.1085972850678733,,,32,data,,,,,,,,,,False,0.0001,cnn,94926,
supervised_chestmnist,4686d91878a547669eadf53d94464ed9,cnn,KILLED,1781686202892,1781686507976,,,,42,,,,,,,1,16,cpu,0.001,64,1,,0.05357142857142857,0.05803571428571429,,0.09683772070492117,,0.07811567948863542,0.6757700145244598,0.49134159679183376,0.04517928383474601,0.0492536408502795,0.5062893081761006,,0.11973112671784915,0.0981110163025936,0.1004566210045662,,0.1085972850678733,,,32,data,,,,,,,,,,False,0.0001,cnn,94926,
